{"stats":{"minecraft:killed_by":{"minecraft:wither_skeleton":1},"minecraft:custom":{"minecraft:interact_with_anvil":2,"minecraft:mob_kills":49,"minecraft:inspect_hopper":1,"minecraft:interact_with_crafting_table":25,"minecraft:open_barrel":190,"minecraft:interact_with_campfire":17,"minecraft:eat_cake_slice":2,"minecraft:leave_game":1,"minecraft:time_since_death":99703,"minecraft:climb_one_cm":20864,"minecraft:sprint_one_cm":544259,"minecraft:walk_one_cm":277771,"minecraft:damage_blocked_by_shield":1455,"minecraft:drop":84,"minecraft:damage_dealt_absorbed":40,"minecraft:talked_to_villager":5,"minecraft:play_time":182777,"minecraft:deaths":1,"minecraft:sneak_time":29275,"minecraft:walk_under_water_one_cm":22956,"minecraft:interact_with_brewingstand":2,"minecraft:jump":4028,"minecraft:interact_with_blast_furnace":2,"minecraft:walk_on_water_one_cm":26881,"minecraft:total_world_time":182777,"minecraft:interact_with_furnace":10,"minecraft:play_record":1,"minecraft:sleep_in_bed":8,"minecraft:time_since_rest":21844,"minecraft:waystone_activated":1,"minecraft:damage_taken":3291,"minecraft:damage_dealt":9366,"minecraft:swim_one_cm":76411,"minecraft:fly_one_cm":932480,"minecraft:open_chest":206,"minecraft:crouch_one_cm":119415,"minecraft:interact_with_smoker":1,"minecraft:fall_one_cm":131907},"minecraft:used":{"minecraft:stripped_acacia_wood":2,"minecraft:acacia_log":2,"minecraft:shield":22,"minecraft:iron_sword":75,"minecraft:orange_bed":2,"minecraft:torch":5,"minecraft:dirt":3,"minecraft:anvil":1,"useless_sword:molten_sword":51,"sophisticatedbackpacks:diamond_backpack":6,"minecraft:lava_bucket":10,"minecraft:music_disc_pigstep":1,"minecraft:iron_axe":164,"minecraft:bow":2,"minecraft:golden_carrot":5,"minecraft:acacia_planks":86,"minecraft:golden_boots":1,"minecraft:water_bucket":7,"minecraft:stone_pickaxe":4,"minecraft:oak_planks":210,"minecraft:baked_potato":1,"minecraft:wooden_pickaxe":12,"farmersdelight:organic_compost":1,"minecraft:crafting_table":11,"simplyswords:diamond_claymore":82,"minecraft:shears":9,"minecraft:apple":1,"minecraft:bread":57,"minecraft:iron_pickaxe":301,"minecraft:stone_axe":79,"minecraft:cobweb":3,"minecraft:cobblestone":68,"minecraft:cooked_porkchop":1,"minecraft:bucket":18,"minecraft:tropical_fish_bucket":1,"minecraft:experience_bottle":1},"minecraft:picked_up":{"minecraft:coarse_dirt":2,"minecraft:crafting_table":7,"minecraft:black_carpet":11,"minecraft:flower_pot":1,"minecraft:nether_wart":3,"minecraft:redstone_block":5,"minecraft:ladder":4,"minecraft:anvil":13,"minecraft:redstone_lamp":1,"minecraft:golden_pickaxe":1,"minecraft:smithing_table":1,"minecraft:enchanted_book":2,"minecraft:gold_block":1,"minecraft:potion":13,"minecraft:brewing_stand":1,"minecraft:shield":1,"minecraft:cornflower":1,"minecraft:string":59,"minecraft:raw_copper":53,"minecraft:iron_axe":2,"minecraft:white_carpet":1,"minecraft:item_frame":38,"minecraft:cracked_stone_bricks":1,"minecraft:diamond_leggings":2,"minecraft:spruce_planks":6,"minecraft:beef":20,"minecraft:white_tulip":1,"minecraft:poppy":1,"minecraft:iron_pickaxe":3,"minecraft:spruce_trapdoor":2,"crittersandcompanions:clam":1,"minecraft:furnace":5,"minecraft:stick":25,"minecraft:raw_iron":21,"minecraft:acacia_fence":2,"minecraft:acacia_log":58,"minecraft:porkchop":13,"minecraft:music_disc_pigstep":1,"minecraft:carrot":58,"minecraft:redstone":36,"minecraft:iron_horse_armor":1,"minecraft:orange_bed":2,"minecraft:arrow":10,"minecraft:rotten_flesh":7,"minecraft:diamond_boots":1,"minecraft:hay_block":158,"minecraft:pink_tulip":1,"minecraft:black_banner":1,"supplementaries:ash":1,"minecraft:glow_berries":1,"minecraft:white_wool":9,"minecraft:cobblestone":22,"minecraft:enchanting_table":2,"minecraft:cooked_beef":21,"minecraft:water_bucket":1,"useless_sword:wither_bone":2,"minecraft:leather":13,"minecraft:fern":1,"minecraft:smoker":1,"minecraft:potato":5,"minecraft:chainmail_chestplate":1,"minecraft:oak_log":101,"minecraft:golden_boots":1,"minecraft:wither_skeleton_skull":4,"minecraft:lapis_lazuli":165,"minecraft:dirt":4,"farmersdelight:organic_compost":1,"minecraft:bone":9,"minecraft:chipped_anvil":1,"minecraft:light_blue_banner":1,"minecraft:acacia_planks":32,"minecraft:apple":2,"minecraft:gray_carpet":4,"minecraft:wheat_seeds":16,"minecraft:raw_gold":19,"minecraft:iron_ingot":5,"minecraft:cooked_chicken":1,"minecraft:oak_planks":226,"minecraft:acacia_sapling":15,"sophisticatedbackpacks:diamond_backpack":1,"minecraft:book":48,"minecraft:cooked_porkchop":7,"minecraft:quartz":1,"minecraft:stripped_acacia_wood":8,"minecraft:gravel":2,"minecraft:lava_bucket":1,"minecraft:blast_furnace":4,"minecraft:spider_eye":1,"minecraft:red_terracotta":2,"minecraft:diamond":17,"waystones:waystone":1,"minecraft:painting":7,"minecraft:chainmail_helmet":1,"minecraft:bread":62,"minecraft:emerald":10,"useless_sword:molten_sword":1,"minecraft:baked_potato":1,"minecraft:oak_sapling":10,"argentinas_delight:cuernodetoro":4,"minecraft:acacia_slab":1,"minecraft:coal":61,"minecraft:hopper":6,"minecraft:ender_pearl":3},"minecraft:crafted":{"minecraft:golden_carrot":48,"minecraft:oak_planks":404,"minecraft:coal":18,"minecraft:iron_axe":1,"minecraft:stone_pickaxe":1,"minecraft:chest":2,"minecraft:golden_boots":1,"minecraft:wheat":216,"sophisticatedbackpacks:iron_backpack":2,"sophisticatedbackpacks:backpack":2,"minecraft:crafting_table":4,"minecraft:wooden_pickaxe":1,"minecraft:iron_sword":1,"sophisticatedbackpacks:gold_backpack":2,"minecraft:stone_axe":1,"minecraft:bread":72,"minecraft:gold_nugget":387,"minecraft:shield":3,"sophisticatedbackpacks:diamond_backpack":11,"minecraft:stick":12,"minecraft:gold_ingot":9,"minecraft:torch":84,"minecraft:acacia_planks":224},"minecraft:dropped":{"minecraft:porkchop":9,"minecraft:wheat_seeds":11,"minecraft:golden_pickaxe":1,"minecraft:diamond":3,"minecraft:lead":1,"minecraft:cobblestone":1,"minecraft:glow_berries":1,"minecraft:cracked_stone_bricks":1,"minecraft:saddle":1,"minecraft:black_banner":2,"minecraft:coal":6,"minecraft:flint":7,"minecraft:item_frame":34,"minecraft:stick":7,"minecraft:redstone_lamp":1,"minecraft:dirt":1,"minecraft:cornflower":1,"minecraft:potion":1,"minecraft:chipped_anvil":1,"minecraft:iron_pickaxe":1,"minecraft:bucket":8,"minecraft:gray_carpet":4,"minecraft:acacia_planks":162,"minecraft:pink_tulip":1,"minecraft:bone":12,"minecraft:gravel":2,"minecraft:white_tulip":1,"minecraft:stone_axe":1,"useless_sword:molten_sword":1,"minecraft:iron_nugget":9,"minecraft:coarse_dirt":2,"minecraft:black_carpet":11,"minecraft:white_carpet":1,"minecraft:rotten_flesh":7,"minecraft:fern":1,"minecraft:oak_planks":64,"minecraft:stripped_acacia_wood":6,"minecraft:red_terracotta":2,"minecraft:flint_and_steel":1,"argentinas_delight:cuernodetoro":2,"minecraft:poppy":1,"supplementaries:ash":1,"minecraft:potato":4,"minecraft:shield":1,"minecraft:flower_pot":1,"minecraft:spruce_trapdoor":2,"minecraft:spruce_planks":6,"minecraft:acacia_slab":1,"minecraft:oak_sapling":10,"minecraft:acacia_sapling":14,"minecraft:ladder":4,"minecraft:chainmail_boots":1,"minecraft:spider_eye":1,"minecraft:painting":7,"minecraft:beef":8,"minecraft:arrow":2,"minecraft:stone_pickaxe":1,"minecraft:wooden_pickaxe":1,"minecraft:acacia_fence":2},"minecraft:mined":{"minecraft:red_carpet":3,"minecraft:diamond_ore":2,"minecraft:spruce_planks":3,"minecraft:deepslate_diamond_ore":15,"minecraft:brewing_stand":1,"minecraft:spruce_trapdoor":2,"minecraft:ladder":3,"minecraft:grass_block":2,"minecraft:hopper":6,"minecraft:spawner":5,"minecraft:potted_fern":1,"minecraft:hay_block":159,"minecraft:black_stained_glass_pane":2,"minecraft:light_blue_wall_banner":1,"minecraft:furnace":6,"minecraft:carrots":14,"minecraft:sticky_piston":2,"minecraft:fire":15,"minecraft:andesite":1,"minecraft:black_carpet":1,"minecraft:deepslate_lapis_ore":27,"minecraft:anvil":13,"minecraft:enchanting_table":2,"minecraft:gold_block":1,"minecraft:bookshelf":16,"minecraft:vine":6,"minecraft:potatoes":1,"minecraft:cave_vines":1,"minecraft:deepslate_iron_ore":21,"minecraft:iron_bars":2,"minecraft:stone":32,"minecraft:white_wool":9,"minecraft:orange_bed":2,"minecraft:smithing_table":1,"minecraft:deepslate_redstone_ore":8,"minecraft:redstone_block":9,"minecraft:glass_pane":7,"farmersdelight:organic_compost":1,"minecraft:infested_stone_bricks":1,"minecraft:smoker":1,"minecraft:crafting_table":7,"minecraft:blast_furnace":5,"minecraft:melon":1,"minecraft:glass":13,"minecraft:tall_grass":10,"minecraft:cobblestone":1,"minecraft:deepslate_coal_ore":51,"minecraft:deepslate_gold_ore":19,"minecraft:oak_planks":8,"minecraft:deepslate_copper_ore":16,"minecraft:seagrass":5,"minecraft:black_stained_glass":4,"minecraft:birch_planks":1,"minecraft:red_terracotta":2,"minecraft:coarse_dirt":14,"minecraft:wheat":1,"minecraft:black_wall_banner":1,"minecraft:white_carpet":1,"minecraft:grass":33,"minecraft:oak_log":5,"minecraft:coal_ore":3,"minecraft:oak_leaves":1,"minecraft:mossy_stone_bricks":2,"minecraft:acacia_fence":2,"minecraft:gravel":10,"minecraft:dirt":2,"minecraft:chipped_anvil":1,"minecraft:cobweb":59,"minecraft:polished_andesite":1,"minecraft:cracked_stone_bricks":2,"minecraft:stone_bricks":4,"minecraft:acacia_planks":13,"minecraft:wither_skeleton_skull":4,"minecraft:stripped_acacia_wood":8,"minecraft:deepslate_emerald_ore":7,"minecraft:redstone_lamp":1,"minecraft:gray_candle":1,"minecraft:suspicious_gravel":7},"minecraft:killed":{"minecraft:witch":1,"minecraft:spider":4,"minecraft:skeleton":7,"minecraft:drowned":1,"minecraft:pig":4,"minecraft:zombie_villager":1,"minecraft:iron_golem":1,"minecraft:pillager":4,"minecraft:zombie":10,"minecraft:wither_skeleton":2,"minecraft:cow":13}},"DataVersion":3465}