{"stats":{"minecraft:custom":{"minecraft:open_chest":2,"minecraft:time_since_rest":9760,"minecraft:crouch_one_cm":1869,"minecraft:play_time":9760,"minecraft:sprint_one_cm":17683,"minecraft:damage_taken":20,"minecraft:walk_one_cm":17252,"minecraft:sneak_time":803,"minecraft:walk_under_water_one_cm":656,"minecraft:jump":147,"minecraft:damage_dealt":10,"minecraft:leave_game":1,"minecraft:time_since_death":9760,"minecraft:walk_on_water_one_cm":1344,"minecraft:interact_with_smoker":1,"minecraft:total_world_time":9760,"minecraft:climb_one_cm":1160,"minecraft:swim_one_cm":7463,"minecraft:interact_with_crafting_table":2,"minecraft:fall_one_cm":4714,"minecraft:fly_one_cm":30318},"minecraft:used":{"minecraft:crafting_table":1,"minecraft:wooden_pickaxe":19},"minecraft:picked_up":{"minecraft:orange_bed":1,"minecraft:crafting_table":1,"minecraft:acacia_log":7,"minecraft:smoker":1,"minecraft:hay_block":56,"minecraft:cobblestone":12},"minecraft:crafted":{"minecraft:acacia_planks":28,"minecraft:crafting_table":1,"minecraft:stick":8,"minecraft:bread":75,"minecraft:wheat":225,"minecraft:wooden_pickaxe":1},"minecraft:mined":{"minecraft:grass":3,"minecraft:hay_block":56,"minecraft:acacia_log":7,"minecraft:acacia_leaves":4,"minecraft:smoker":1,"minecraft:stone":12,"minecraft:crafting_table":1,"minecraft:mangrove_leaves":1,"minecraft:orange_bed":1}},"DataVersion":3465}