{"stats":{"minecraft:custom":{"minecraft:interact_with_smithing_table":2,"minecraft:interact_with_anvil":2,"minecraft:mob_kills":168,"minecraft:inspect_hopper":1,"minecraft:interact_with_crafting_table":15,"minecraft:open_barrel":107,"minecraft:eat_cake_slice":2,"minecraft:leave_game":2,"minecraft:time_since_death":141960,"minecraft:climb_one_cm":9699,"minecraft:sprint_one_cm":400042,"minecraft:walk_one_cm":303209,"minecraft:damage_blocked_by_shield":240,"minecraft:drop":97,"minecraft:talked_to_villager":1,"minecraft:play_time":141960,"minecraft:sneak_time":25260,"minecraft:walk_under_water_one_cm":21433,"minecraft:boat_one_cm":11925,"minecraft:jump":2682,"minecraft:interact_with_blast_furnace":9,"minecraft:walk_on_water_one_cm":24176,"minecraft:total_world_time":141960,"minecraft:interact_with_furnace":6,"minecraft:interact_with_loom":3,"minecraft:interact_with_grindstone":1,"minecraft:sleep_in_bed":2,"minecraft:time_since_rest":60493,"minecraft:waystone_activated":2,"minecraft:damage_taken":2185,"minecraft:damage_dealt":18124,"minecraft:swim_one_cm":58489,"minecraft:fly_one_cm":516241,"minecraft:open_chest":82,"minecraft:crouch_one_cm":76104,"minecraft:fall_one_cm":65715,"minecraft:interact_with_smoker":2,"minecraft:horse_one_cm":280532},"minecraft:used":{"minecraft:stripped_acacia_wood":4,"minecraft:iron_bars":6,"minecraft:chest":1,"minecraft:shield":4,"ecologics:coconut_planks":93,"minecraft:anvil":1,"minecraft:acacia_sapling":2,"minecraft:granite":1,"minecraft:wooden_axe":24,"minecraft:lantern":1,"minecraft:iron_axe":129,"minecraft:stone_bricks":27,"ecologics:walnut_planks":16,"minecraft:bow":425,"minecraft:golden_carrot":6,"simplyswords:iron_scythe":9,"minecraft:dark_oak_boat":1,"minecraft:acacia_planks":346,"minecraft:water_bucket":8,"minecraft:mossy_stone_bricks":1,"minecraft:diorite":1,"minecraft:birch_planks":120,"minecraft:red_nether_bricks":1,"minecraft:oak_planks":69,"minecraft:wooden_pickaxe":4,"minecraft:diamond_axe":214,"minecraft:crafting_table":7,"minecraft:bread":49,"minecraft:iron_pickaxe":134,"simplyswords:gold_cutlass":27,"minecraft:diamond_sword":123,"minecraft:bucket":9,"minecraft:splash_potion":1,"minecraft:smooth_stone":1},"minecraft:picked_up":{"minecraft:crafting_table":3,"minecraft:iron_chestplate":1,"minecraft:ladder":8,"minecraft:redstone_lamp":2,"minecraft:gold_block":2,"minecraft:string":17,"minecraft:moss_carpet":2,"minecraft:red_nether_bricks":1,"minecraft:item_frame":1,"minecraft:oak_sign":5,"ecologics:walnut_sapling":3,"minecraft:smooth_stone":1,"minecraft:beef":5,"minecraft:calcite":3,"minecraft:birch_sapling":3,"minecraft:phantom_membrane":11,"minecraft:mangrove_log":26,"minecraft:golden_helmet":1,"minecraft:stick":30,"minecraft:stripped_mangrove_wood":3,"ecologics:walnut_log":4,"ecologics:coconut_slice":2,"ecologics:coconut_seedling":7,"minecraft:acacia_log":75,"minecraft:spruce_stairs":1,"sophisticatedbackpacks:backpack":1,"minecraft:porkchop":13,"minecraft:diorite":1,"minecraft:carrot":2,"minecraft:stone_pressure_plate":1,"minecraft:arrow":24,"minecraft:rotten_flesh":51,"minecraft:hay_block":29,"ecologics:coconut_log":35,"minecraft:iron_block":1,"minecraft:stripped_dark_oak_wood":2,"minecraft:saddle":1,"minecraft:mangrove_roots":20,"minecraft:black_banner":1,"supplementaries:ash":3,"minecraft:iron_bars":5,"minecraft:birch_log":30,"ecologics:walnut":7,"minecraft:iron_door":2,"useless_sword:wither_bone":3,"minecraft:leather":5,"minecraft:dark_oak_boat":1,"minecraft:potato":1,"minecraft:oak_log":3,"minecraft:gunpowder":4,"minecraft:leather_boots":2,"minecraft:bone":36,"minecraft:acacia_planks":150,"minecraft:stone_bricks":31,"minecraft:apple":2,"minecraft:gray_carpet":6,"minecraft:bow":1,"minecraft:wheat_seeds":6,"minecraft:mossy_stone_bricks":4,"minecraft:oak_planks":69,"minecraft:acacia_sapling":16,"minecraft:dark_oak_slab":6,"minecraft:emerald_block":1,"minecraft:cooked_porkchop":2,"minecraft:pumpkin":7,"minecraft:stripped_acacia_wood":11,"minecraft:nether_brick_stairs":1,"minecraft:spruce_log":2,"minecraft:spider_eye":1,"minecraft:diamond":9,"minecraft:granite":1,"minecraft:golden_apple":1,"minecraft:emerald":9,"minecraft:oak_sapling":1,"argentinas_delight:cuernodetoro":1,"minecraft:mangrove_propagule":3,"minecraft:coal":4},"minecraft:crafted":{"minecraft:dark_oak_boat":1,"ecologics:coconut_planks":140,"ecologics:walnut_planks":16,"minecraft:diamond_helmet":1,"minecraft:iron_axe":1,"minecraft:chest":1,"minecraft:diamond_boots":1,"minecraft:dark_oak_planks":8,"sophisticatedbackpacks:iron_backpack":1,"minecraft:wheat":261,"minecraft:diamond_axe":1,"minecraft:crafting_table":4,"minecraft:wooden_pickaxe":1,"sophisticatedbackpacks:gold_backpack":1,"minecraft:bucket":1,"minecraft:birch_planks":120,"minecraft:bread":87,"minecraft:air":0,"minecraft:iron_chestplate":1,"minecraft:shield":2,"sophisticatedbackpacks:diamond_backpack":1,"minecraft:stick":4,"minecraft:iron_ingot":5,"minecraft:iron_pickaxe":2,"minecraft:wooden_axe":1,"minecraft:gold_ingot":2,"minecraft:acacia_planks":244,"minecraft:diamond_chestplate":1},"minecraft:dropped":{"minecraft:golden_boots":1,"minecraft:wheat_seeds":6,"minecraft:golden_helmet":1,"minecraft:oak_log":3,"ecologics:coconut_slice":2,"minecraft:diamond_leggings":1,"minecraft:dark_oak_slab":6,"ecologics:coconut_seedling":7,"minecraft:mangrove_propagule":3,"ecologics:walnut_sapling":3,"minecraft:saddle":1,"minecraft:spruce_stairs":1,"minecraft:leather_helmet":1,"minecraft:item_frame":1,"minecraft:stick":14,"minecraft:iron_block":1,"minecraft:redstone_lamp":2,"minecraft:wooden_axe":1,"minecraft:iron_door":2,"minecraft:pumpkin":7,"minecraft:iron_axe":1,"minecraft:dark_oak_planks":3,"minecraft:moss_carpet":2,"minecraft:mangrove_roots":20,"minecraft:birch_sapling":3,"minecraft:rotten_flesh":34,"minecraft:oak_sign":5,"minecraft:carrot":2,"minecraft:leather_chestplate":1,"minecraft:potato":1,"minecraft:mangrove_log":23,"minecraft:gunpowder":3,"ecologics:walnut":7,"minecraft:iron_chestplate":1,"minecraft:leather_boots":2,"minecraft:oak_sapling":1,"minecraft:acacia_sapling":13,"minecraft:ladder":1,"minecraft:stone_bricks":1,"minecraft:diamond_boots":1,"minecraft:spruce_log":2,"minecraft:iron_bars":1,"minecraft:wooden_pickaxe":1},"minecraft:broken":{"simplyswords:gold_cutlass":1,"minecraft:iron_axe":1},"minecraft:mined":{"minecraft:dark_oak_planks":2,"minecraft:red_nether_brick_slab":4,"minecraft:spruce_planks":2,"minecraft:stone_pressure_plate":1,"minecraft:yellow_wall_banner":1,"minecraft:deepslate_diamond_ore":6,"minecraft:red_nether_bricks":2,"minecraft:mangrove_wall_sign":1,"minecraft:ladder":6,"minecraft:granite":2,"minecraft:acacia_log":5,"minecraft:oak_wall_sign":4,"minecraft:spawner":20,"minecraft:hay_block":33,"minecraft:smooth_stone":1,"minecraft:red_nether_brick_stairs":1,"minecraft:fire":5,"minecraft:waxed_oxidized_cut_copper_slab":1,"minecraft:gold_block":2,"minecraft:stripped_dark_oak_wood":4,"minecraft:nether_brick_stairs":1,"minecraft:dark_oak_stairs":2,"minecraft:iron_bars":8,"minecraft:smooth_quartz_stairs":1,"minecraft:stripped_mangrove_wood":3,"minecraft:iron_block":2,"minecraft:polished_deepslate_stairs":2,"minecraft:crafting_table":4,"minecraft:emerald_ore":4,"minecraft:calcite":16,"minecraft:nether_brick_slab":4,"minecraft:tall_grass":2,"minecraft:mangrove_fence_gate":1,"minecraft:oak_planks":5,"minecraft:diorite":4,"minecraft:iron_door":1,"minecraft:spruce_stairs":1,"minecraft:dark_oak_slab":5,"minecraft:spruce_log":2,"minecraft:birch_door":1,"minecraft:mangrove_leaves":2,"minecraft:grass":16,"minecraft:oak_log":4,"minecraft:cyan_carpet":1,"minecraft:gray_carpet":2,"minecraft:cobweb":6,"minecraft:acacia_planks":18,"minecraft:stripped_acacia_wood":11,"minecraft:stone_bricks":38,"minecraft:deepslate_emerald_ore":3,"minecraft:mossy_stone_bricks":6,"minecraft:emerald_block":1,"minecraft:oak_leaves":4,"minecraft:iron_trapdoor":1,"minecraft:redstone_lamp":3,"minecraft:warped_slab":1},"minecraft:killed":{"naturalist:lion":2,"minecraft:cave_spider":5,"minecraft:spider":6,"minecraft:vindicator":1,"minecraft:phantom":14,"minecraft:skeleton":25,"minecraft:husk":31,"minecraft:frog":3,"minecraft:hoglin":13,"minecraft:creeper":5,"minecraft:pillager":4,"minecraft:zombie":30,"minecraft:wither_skeleton":25,"minecraft:cow":3}},"DataVersion":3465}